,B1,Metric,Value
0,STATEN ISLAND,PER_ACCIDENT,11.918184391087177
1,BRONX,PER_ACCIDENT,13.60100357216617
2,MANHATTAN,PER_ACCIDENT,20.113513802941874
3,QUEENS,PER_ACCIDENT,26.528114554091164
4,BROOKLYN,PER_ACCIDENT,27.839183679713614
5,STATEN ISLAND,PER_POPULATION,5.686659976240576
6,BRONX,PER_POPULATION,16.804211862630154
7,MANHATTAN,PER_POPULATION,19.239904671133853
8,QUEENS,PER_POPULATION,27.297156827728646
9,BROOKLYN,PER_POPULATION,30.972066662266773
